sample,mutation,total_reads,alt_reads,chrom,start,end
A,mut1,64,40,chr1,1,1
A,mut2,56,16,chr1,2,2
A,mut3,40,12,chr1,3,3
A,mut4,40,12,chr1,4,4
A,mut5,40,4,chr1,5,5
A,mut6,40,4,chr1,6,6
A,mut7,40,0,chr1,7,7
A,mut8,40,0,chr1,8,8
B,mut1,40,16,chr1,1,1
B,mut2,56,16,chr1,2,2
B,mut3,40,0,chr1,3,3
B,mut4,40,0,chr1,4,4
B,mut5,40,0,chr1,5,5
B,mut6,40,0,chr1,6,6
B,mut7,40,12,chr1,7,7
B,mut8,40,12,chr1,8,8
C,mut1,36,24,chr1,1,1
C,mut2,28,8,chr1,2,2
C,mut3,20,8,chr1,3,3
C,mut4,20,8,chr1,4,4
C,mut5,20,6,chr1,5,5
C,mut6,20,6,chr1,6,6
C,mut7,20,0,chr1,7,7
C,mut8,20,0,chr1,8,8